{"cameraMode":{"drawMode":0,"name":"Shaded","section":"Shading Mode"},"sceneLighting":false,"audioPlay":false,"sceneViewState":{"showFog":true,"showMaterialUpdate":false,"showSkybox":false,"showFlares":true,"showImageEffects":true,"showParticleSystems":true},"in2DMode":false,"pivot":{"x":-10.017621994018555,"y":-7.770221710205078,"z":10.90612506866455},"rotation":{"x":-0.5309898853302002,"y":0.25993359088897707,"z":-0.17531777918338777,"w":-0.7872456908226013},"size":24.216346740722658,"orthographic":false}