{"cameraMode":{"drawMode":0,"name":"Shaded","section":"Shading Mode"},"sceneLighting":false,"audioPlay":false,"sceneViewState":{"showFog":true,"showMaterialUpdate":false,"showSkybox":false,"showFlares":true,"showImageEffects":true,"showParticleSystems":true},"in2DMode":false,"pivot":{"x":4.76837158203125e-7,"y":0.8236377239227295,"z":-0.035606712102890018},"rotation":{"x":0.04205244779586792,"y":-0.8982348442077637,"z":0.08813734352588654,"w":0.4285416007041931},"size":1.1618140935897828,"orthographic":false}