{"cameraMode":{"drawMode":0,"name":"Shaded","section":"Shading Mode"},"sceneLighting":false,"audioPlay":false,"sceneViewState":{"showFog":true,"showMaterialUpdate":false,"showSkybox":false,"showFlares":true,"showImageEffects":true,"showParticleSystems":true},"in2DMode":false,"pivot":{"x":499.70550537109377,"y":203.4103240966797,"z":454.7859191894531},"rotation":{"x":-0.00010631627810653299,"y":0.9999486804008484,"z":0.006602155044674873,"w":0.009707317687571049},"size":4.274397850036621,"orthographic":false}