{"cameraMode":{"drawMode":0,"name":"Shaded","section":"Shading Mode"},"sceneLighting":false,"audioPlay":false,"sceneViewState":{"showFog":true,"showMaterialUpdate":false,"showSkybox":false,"showFlares":true,"showImageEffects":true,"showParticleSystems":true},"in2DMode":false,"pivot":{"x":25.086566925048829,"y":2.8048505783081056,"z":16.29166603088379},"rotation":{"x":-0.059190597385168079,"y":-0.07529272884130478,"z":0.004522792529314756,"w":-0.9954077005386353},"size":10.0,"orthographic":false}