{"cameraMode":{"drawMode":0,"name":"Shaded","section":"Shading Mode"},"sceneLighting":false,"audioPlay":false,"sceneViewState":{"showFog":false,"showMaterialUpdate":true,"showSkybox":false,"showFlares":false,"showImageEffects":true,"showParticleSystems":false},"in2DMode":false,"pivot":{"x":-1.77571702003479,"y":-0.396991103887558,"z":-0.7250882983207703},"rotation":{"x":-0.12933951616287232,"y":0.8334676027297974,"z":-0.2199355661869049,"w":-0.4901379942893982},"size":2.198673725128174,"orthographic":false}