{"cameraMode":{"drawMode":0,"name":"Shaded","section":"Shading Mode"},"sceneLighting":false,"audioPlay":false,"sceneViewState":{"showFog":true,"showMaterialUpdate":false,"showSkybox":false,"showFlares":true,"showImageEffects":true,"showParticleSystems":true},"in2DMode":false,"pivot":{"x":0.5594748258590698,"y":1.261323094367981,"z":-0.8624722957611084},"rotation":{"x":0.14521855115890504,"y":-0.8189858794212341,"z":0.23670940101146699,"w":0.5021779537200928},"size":1.546107292175293,"orthographic":false}