{"cameraMode":{"drawMode":0,"name":"Shaded","section":"Shading Mode"},"sceneLighting":false,"audioPlay":false,"sceneViewState":{"showFog":true,"showMaterialUpdate":false,"showSkybox":false,"showFlares":true,"showImageEffects":true,"showParticleSystems":true},"in2DMode":false,"pivot":{"x":-0.4004519581794739,"y":0.2576344907283783,"z":-2.0540459156036379},"rotation":{"x":0.028691377490758897,"y":-0.9638556241989136,"z":0.23831507563591004,"w":0.11578112840652466},"size":2.2763352394104006,"orthographic":false}